user1,user2
0,10
0,311
0,467
0,489
0,670
0,743
0,794
0,845
0,940
1,97
1,121
1,532
1,629
1,673
1,737
1,777
1,847
1,971
2,13
2,227
2,283
2,289
2,388
2,418
2,521
2,595
3,207
3,341
3,437
3,774
3,836
3,976
4,318
4,320
4,392
4,462
4,510
4,588
4,692
4,721
5,193
5,261
5,586
5,622
5,630
5,704
5,823
5,965
5,987
6,185
6,267
6,307
6,311
6,513
6,544
6,547
6,614
6,777
6,782
6,785
6,954
6,965
7,56
7,104
7,122
7,225
7,384
7,641
7,808
7,815
8,12
8,229
8,238
8,467
8,547
8,576
8,579
8,683
8,712
8,867
8,967
9,46
9,74
9,117
9,223
9,305
9,306
9,455
9,485
9,496
9,548
9,574
9,645
9,652
9,682
9,825
9,898
9,992
10,108
10,206
10,569
10,678
11,217
11,271
11,586
11,649
11,658
11,718
11,965
11,972
12,17
12,122
12,124
12,259
12,394
12,721
12,848
12,869
12,883
12,893
12,894
12,910
13,55
13,72
13,827
14,69
14,190
14,270
14,351
14,565
14,725
14,913
15,332
15,366
15,505
15,530
15,739
15,856
15,930
15,947
15,981
16,111
16,127
16,267
16,322
16,331
16,499
16,548
16,610
16,765
16,910
17,95
17,293
17,398
17,601
17,835
18,195
18,355
18,370
18,669
18,684
19,110
19,195
19,213
19,262
19,328
19,413
19,446
19,481
19,500
19,634
19,652
19,813
19,869
20,49
20,326
20,345
20,352
20,539
20,567
20,636
20,712
20,885
21,197
21,346
21,414
21,973
21,994
22,60
22,66
22,190
22,302
22,420
22,603
22,729
22,740
22,790
23,117
23,128
23,305
23,319
23,339
23,509
24,157
24,228
24,419
24,476
24,788
25,47
25,289
25,390
25,422
25,461
25,494
25,634
25,759
25,818
26,91
26,99
26,116
26,134
26,256
26,326
26,505
26,623
26,703
26,738
26,780
26,789
26,951
27,424
27,546
27,574
27,644
27,678
27,868
27,975
28,229
28,291
28,493
28,720
28,961
29,47
29,133
29,174
29,177
29,273
29,344
29,398
29,405
29,626
29,884
29,983
29,996
30,95
30,334
30,343
30,508
30,783
30,917
30,966
31,93
31,178
31,247
31,509
31,676
31,721
31,772
31,814
31,832
31,860
31,975
31,987
32,95
32,101
32,248
32,278
32,293
32,432
32,810
32,824
32,828
32,894
32,927
33,183
33,186
33,255
33,286
33,298
33,299
33,418
33,460
33,514
33,554
33,580
33,874
34,199
34,301
34,593
34,608
34,755
34,859
35,129
35,152
35,291
35,679
35,731
36,95
36,422
36,554
36,661
36,690
36,754
36,854
36,878
37,148
37,468
37,556
37,563
37,741
37,771
37,856
37,928
37,987
38,92
38,176
38,307
38,339
38,462
38,471
38,539
38,546
38,741
38,803
38,811
38,897
38,935
38,968
39,111
39,140
39,293
39,405
39,805
39,879
39,898
40,47
40,158
40,176
40,253
40,316
40,524
40,561
40,608
40,752
40,872
40,894
40,910
40,920
40,944
40,981
41,46
41,220
41,367
41,386
41,590
41,667
41,751
42,126
42,315
42,323
42,326
42,355
42,460
42,622
42,774
42,845
43,125
43,129
43,235
43,297
43,595
43,684
43,744
43,759
43,762
43,898
43,980
44,68
44,95
44,249
44,303
44,389
44,420
44,481
44,539
44,714
44,744
44,810
44,826
45,136
45,260
45,283
45,307
45,411
45,456
45,576
45,879
45,946
45,954
46,83
46,143
46,225
46,280
46,341
46,410
46,433
46,576
46,599
46,677
46,843
46,918
47,101
47,105
47,250
47,424
47,451
47,946
47,976
48,124
48,407
48,881
48,886
48,948
48,995
49,51
49,395
49,566
49,608
49,638
49,684
49,780
49,893
50,98
50,111
50,155
50,189
50,194
50,243
50,262
50,395
50,525
50,632
50,763
50,996
51,58
51,99
51,100
51,172
51,186
51,248
51,284
51,454
51,467
51,475
51,689
51,691
51,805
52,208
52,258
52,274
52,583
52,597
52,729
52,738
52,792
52,866
53,102
53,129
53,159
53,256
53,405
53,723
53,808
53,908
53,923
53,974
54,103
54,148
54,155
54,277
54,354
54,405
54,481
54,886
55,88
55,131
55,182
55,192
55,248
55,369
55,391
55,561
55,627
55,661
55,706
55,746
55,836
55,872
55,891
55,997
56,151
56,368
56,623
56,828
56,889
57,150
57,238
57,272
57,300
57,360
57,487
57,686
57,754
57,794
57,840
57,855
57,943
58,161
58,377
58,921
58,968
58,970
59,111
59,246
59,250
59,287
59,572
59,575
59,649
59,725
59,857
59,991
60,168
60,536
60,583
60,646
60,929
60,940
60,965
61,73
61,167
61,290
61,382
61,569
61,635
61,705
61,957
61,971
61,984
62,281
62,369
62,407
62,412
62,490
62,555
62,566
63,154
63,241
63,425
63,581
63,707
63,744
63,831
63,848
63,850
63,980
64,113
64,171
64,267
64,270
64,633
64,650
64,733
64,738
64,815
64,870
65,230
65,269
65,394
65,424
65,493
65,554
65,763
65,959
66,171
66,299
66,563
66,841
67,88
67,151
67,162
67,209
67,215
67,274
67,317
67,342
67,992
68,89
68,93
68,103
68,241
68,256
68,326
68,397
69,234
69,236
69,315
69,353
69,369
69,391
69,480
69,570
69,609
69,709
69,805
69,839
70,186
70,190
70,410
70,518
70,543
70,604
70,632
70,665
70,778
70,838
70,849
70,902
70,915
70,941
71,282
71,410
71,634
71,721
71,971
71,990
72,234
72,318
72,464
72,483
72,526
72,540
72,571
72,724
72,854
73,81
73,272
73,362
73,556
73,623
73,962
74,192
74,366
74,382
74,464
74,515
74,562
74,592
74,786
74,788
75,89
75,107
75,295
75,386
75,452
75,454
75,460
75,462
75,519
75,550
75,588
75,590
75,730
75,873
76,160
76,169
76,480
76,523
76,560
76,606
76,687
76,699
76,700
76,832
76,867
76,966
77,114
77,144
77,181
77,348
77,350
77,453
77,606
77,648
77,913
78,235
78,306
78,369
78,508
78,522
78,660
78,744
78,781
79,135
79,158
79,311
79,529
79,585
79,730
79,751
79,763
79,882
79,939
80,179
80,256
80,317
80,382
80,387
80,404
80,405
80,433
80,434
80,470
80,512
80,546
80,692
80,731
80,798
80,910
80,944
80,969
81,215
81,296
81,335
81,367
81,432
81,479
81,615
81,623
81,927
82,338
82,384
82,499
82,553
82,612
82,868
82,871
82,872
82,920
83,383
83,484
83,538
83,596
83,621
83,634
83,676
83,690
83,854
84,274
84,344
84,380
84,511
84,526
84,578
84,655
84,744
85,284
85,291
85,658
85,783
85,879
86,290
86,317
86,594
86,604
86,660
86,670
86,731
86,742
86,904
87,111
87,195
87,268
87,311
87,371
87,684
87,749
87,790
87,851
87,873
87,969
87,984
88,222
88,282
88,288
88,410
88,423
88,566
88,946
88,957
89,135
89,286
89,301
89,341
89,449
89,455
89,495
89,604
89,747
89,942
90,132
90,190
90,370
90,445
90,465
90,877
90,986
91,115
91,227
91,254
91,392
91,452
91,661
91,687
91,787
92,122
92,134
92,154
92,227
92,374
92,406
92,462
92,465
92,562
92,629
92,705
92,764
92,798
92,967
93,109
93,126
93,234
93,447
93,481
93,657
93,678
93,702
93,720
93,728
93,773
93,810
93,843
93,920
94,357
94,379
94,389
94,584
94,649
94,926
94,935
95,120
95,294
95,343
95,346
95,381
95,417
95,442
95,514
95,539
95,611
95,670
95,748
95,787
95,992
96,158
96,194
96,337
96,473
96,533
97,105
97,138
97,320
97,443
97,517
97,685
97,871
97,916
97,929
98,113
98,181
98,460
98,762
98,940
98,970
99,103
99,116
99,118
99,367
99,482
99,487
99,674
99,683
99,925
99,998
100,202
100,264
100,435
100,444
100,447
100,661
100,822
100,892
100,995
101,371
101,670
101,707
101,726
101,757
101,812
101,859
102,163
102,165
102,291
102,454
102,538
102,576
102,697
102,738
102,832
102,852
102,895
102,918
102,962
103,333
103,384
103,600
103,677
103,804
103,807
103,887
103,926
104,105
104,276
104,344
104,463
104,526
104,591
104,713
104,753
104,754
104,823
104,995
105,132
105,149
105,328
105,413
105,417
105,461
105,502
105,682
105,720
105,728
105,915
106,131
106,210
106,268
106,360
106,426
106,579
106,679
106,790
106,904
107,302
107,523
107,686
108,159
108,249
108,296
108,392
108,501
108,509
108,575
108,718
108,784
108,891
108,947
109,128
109,138
109,183
109,192
109,206
109,242
109,260
109,370
109,535
109,572
109,760
109,797
109,906
109,950
110,358
110,441
110,502
110,592
110,677
110,691
110,700
110,718
110,775
110,805
111,140
111,254
111,462
111,533
111,564
111,598
111,663
112,156
112,178
112,689
112,717
113,312
113,433
113,440
113,652
113,866
113,928
114,348
114,383
114,577
114,654
114,951
115,135
115,184
115,241
115,338
115,395
115,429
115,499
115,586
115,757
115,783
116,187
116,268
116,274
116,353
116,356
116,489
116,493
116,538
116,648
116,702
116,723
116,803
116,934
116,954
116,967
117,198
117,280
117,296
117,376
117,435
117,685
117,698
117,718
117,796
117,823
118,331
118,444
118,523
118,534
118,706
118,740
118,756
118,779
118,851
118,864
118,898
118,911
119,187
119,264
119,418
119,609
119,696
119,969
120,279
120,289
120,320
120,532
120,575
120,663
120,706
120,755
120,759
120,871
120,886
120,907
120,920
121,131
121,254
121,323
121,356
121,675
121,683
121,689
121,736
121,836
122,381
122,405
122,512
122,526
122,760
122,942
122,964
123,150
123,192
123,253
123,416
123,715
123,738
123,815
123,880
123,888
124,205
124,294
124,421
124,467
124,496
124,711
124,997
125,138
125,420
125,477
125,533
125,991
126,375
126,389
126,549
126,602
126,603
126,697
127,279
127,479
127,549
127,851
127,868
127,871
128,131
128,281
128,732
128,805
128,995
129,134
129,281
129,484
129,514
129,546
129,653
129,671
129,767
130,196
130,301
130,440
130,587
130,637
130,686
130,745
131,687
131,758
131,828
131,899
132,182
132,389
132,443
132,564
132,609
132,949
133,164
133,202
133,553
133,579
133,714
133,778
133,789
133,825
133,831
133,913
133,923
133,987
134,189
134,405
134,555
134,585
134,632
134,744
134,949
134,983
135,151
135,205
135,210
135,255
135,271
135,324
135,394
135,464
135,489
135,727
135,740
135,931
135,933
136,552
136,652
136,656
136,820
136,824
136,980
137,256
137,260
137,270
137,307
137,350
137,475
137,482
137,488
137,511
137,542
137,644
137,688
137,695
137,903
137,961
137,986
138,402
138,438
138,440
138,530
138,550
138,780
138,787
138,799
138,830
138,992
139,199
139,207
139,296
139,307
139,330
139,352
139,493
139,764
139,884
140,149
140,167
140,205
140,231
140,391
140,392
140,422
140,428
140,587
140,643
140,672
140,724
140,785
140,789
141,154
141,224
141,271
141,422
141,594
141,610
141,722
141,753
141,872
141,883
141,893
142,228
142,271
142,275
142,648
142,803
142,811
142,851
142,903
143,189
143,191
143,335
143,432
143,515
143,526
143,697
143,737
143,770
143,809
143,810
143,812
143,841
143,912
144,253
144,339
144,523
144,568
144,679
144,747
144,965
145,356
145,474
145,524
145,577
145,591
145,758
145,792
145,846
145,995
146,323
146,469
146,597
146,615
146,676
146,693
146,787
146,869
146,890
147,203
147,305
147,320
147,419
147,601
147,633
147,735
147,825
148,392
148,482
148,788
148,879
148,889
149,441
149,451
149,504
149,728
149,744
149,759
149,819
149,823
149,859
149,974
149,990
150,203
150,850
151,241
151,335
151,389
151,565
151,580
151,600
151,642
151,671
151,807
151,948
152,161
152,287
152,374
152,394
152,418
152,457
152,536
152,558
152,620
152,663
152,830
152,972
153,166
153,168
153,183
153,191
153,334
153,341
153,424
153,484
153,529
153,561
153,620
154,251
154,353
154,450
154,513
154,724
154,874
155,349
155,428
155,507
155,766
155,797
156,203
156,210
156,226
156,244
156,302
156,436
156,445
156,489
156,530
156,598
156,630
156,703
156,710
156,778
157,166
157,389
157,502
157,512
157,564
157,594
157,619
157,649
157,718
157,732
157,852
157,950
158,194
158,217
158,282
158,436
158,460
158,610
158,744
158,767
158,993
159,220
159,310
159,364
159,382
159,566
159,632
159,642
159,827
160,245
160,444
160,485
160,762
160,956
161,325
161,349
161,370
161,376
161,416
161,448
161,450
161,451
161,464
161,511
161,546
161,559
161,772
161,826
161,871
161,999
162,309
162,330
162,624
162,726
162,782
162,918
163,415
163,456
163,517
163,565
163,642
163,695
163,781
163,806
163,825
163,833
163,864
163,972
164,188
164,293
164,302
164,398
164,567
164,606
164,749
164,781
164,878
165,330
165,351
165,552
165,604
165,688
165,759
165,989
166,230
166,326
166,379
166,577
166,748
166,874
166,999
167,250
167,255
167,508
167,815
167,838
167,857
168,192
168,263
168,311
168,450
168,460
168,504
168,669
168,952
169,271
169,450
169,630
169,664
169,775
169,811
169,860
169,862
169,924
170,264
170,363
170,380
170,406
170,416
170,436
170,472
170,568
170,580
170,710
170,811
170,816
170,905
171,270
171,327
171,423
171,500
171,620
171,655
171,813
171,971
171,994
172,438
172,471
172,551
172,590
172,656
172,797
172,799
173,312
173,360
173,389
173,516
173,629
173,674
173,701
174,184
174,211
174,224
174,261
174,336
174,350
174,491
174,786
174,865
175,250
175,650
175,674
175,719
175,820
176,436
176,462
176,781
176,833
177,459
177,470
177,499
177,565
177,592
177,616
177,662
177,752
177,865
177,953
178,271
178,324
178,528
178,551
178,583
178,653
178,794
178,895
178,924
179,267
179,309
179,425
179,440
179,481
179,502
179,625
179,641
179,655
179,658
179,661
179,758
179,834
179,852
179,943
180,224
180,242
180,431
180,751
180,857
181,320
181,321
181,459
181,552
181,575
181,708
181,746
181,902
181,940
181,949
181,983
182,426
182,487
182,550
182,594
182,780
182,981
183,228
183,309
183,379
183,464
183,571
183,579
183,721
183,754
183,787
184,276
184,279
184,418
184,461
184,563
184,698
184,797
184,827
184,842
184,944
184,973
185,284
185,300
185,448
185,481
185,641
185,687
185,851
186,332
186,601
186,638
186,646
187,285
187,502
187,969
188,325
188,382
188,510
188,533
188,644
188,772
188,874
188,938
188,988
189,196
189,379
189,904
190,433
190,442
190,507
190,655
190,753
191,378
191,398
191,441
191,508
191,549
191,556
191,561
191,680
191,930
191,985
192,305
192,329
192,452
192,503
192,856
192,873
193,421
193,714
193,765
193,959
194,196
194,197
194,282
194,320
194,348
194,351
194,396
194,510
194,580
194,590
194,635
194,985
194,997
195,356
195,662
195,800
195,849
195,943
196,246
196,497
196,591
196,917
196,980
197,231
197,293
197,323
197,328
197,675
197,775
197,827
197,828
197,896
198,297
198,301
198,303
198,338
198,376
198,921
198,927
199,465
199,575
199,589
199,910
200,337
200,390
200,468
200,585
200,625
200,750
201,468
201,551
201,650
201,686
201,794
202,262
202,499
202,837
202,904
202,924
202,956
203,369
203,393
203,471
203,512
203,620
203,623
203,721
203,732
203,733
204,273
204,429
204,491
204,502
204,577
204,666
204,701
204,748
204,754
204,796
204,836
204,859
204,907
205,222
205,328
205,377
205,490
205,600
205,706
205,808
205,852
206,300
206,366
206,628
206,655
206,796
206,842
206,847
206,903
207,234
207,517
207,535
207,635
207,705
207,775
207,819
208,261
208,379
208,420
208,423
208,475
208,559
208,703
208,771
208,997
209,308
209,406
209,685
210,219
210,339
210,530
210,578
210,670
210,734
211,246
211,271
211,530
211,533
211,555
211,668
211,670
211,693
211,824
211,833
211,852
212,462
212,531
212,600
212,640
212,704
212,721
212,845
212,868
212,984
213,671
213,681
213,890
214,242
214,255
214,280
214,363
214,448
214,626
214,639
214,712
214,757
214,913
215,293
215,312
215,366
215,434
215,490
215,619
215,690
215,785
216,270
216,287
216,335
216,352
216,550
216,751
216,844
216,922
216,935
216,959
216,968
216,987
216,995
217,322
217,499
217,604
217,657
218,488
218,518
218,523
218,643
218,679
218,792
218,885
219,227
219,349
219,362
219,456
219,490
219,520
219,552
219,558
219,723
219,988
220,246
220,268
220,279
220,385
220,402
220,440
220,833
220,855
221,459
221,537
221,756
221,832
221,967
222,243
222,303
222,350
222,454
222,490
222,552
222,939
223,238
223,258
223,407
223,435
223,476
223,763
223,780
223,915
223,973
223,996
224,226
224,279
224,570
224,589
224,611
224,616
224,651
224,779
225,269
225,459
225,499
225,546
225,693
225,779
225,979
226,301
226,341
226,375
226,456
226,515
226,533
226,631
226,654
226,663
226,729
226,877
226,884
226,904
227,379
227,407
227,422
227,481
227,522
227,702
227,799
227,836
228,363
228,365
228,401
228,519
228,528
228,854
228,864
229,233
229,358
229,429
229,520
229,760
229,867
229,978
230,281
230,286
230,307
230,354
230,557
230,662
230,825
230,861
230,933
230,964
231,254
231,283
231,307
231,543
231,587
231,607
231,633
231,857
231,880
232,294
232,369
232,427
232,603
232,765
232,824
233,321
233,423
233,502
233,738
233,758
233,791
233,889
233,892
233,932
234,253
234,833
234,841
234,960
235,253
235,387
235,388
235,512
235,602
235,621
235,676
235,718
235,765
236,237
236,257
236,392
236,395
236,467
236,610
236,611
236,742
237,295
237,472
237,473
237,499
237,547
237,715
237,858
237,943
238,262
238,499
238,554
238,653
238,725
238,875
238,890
238,931
238,997
239,278
239,296
239,378
239,392
239,449
239,482
239,546
239,703
239,773
239,837
240,292
240,338
240,413
240,646
240,671
240,745
240,753
240,769
240,836
240,908
241,309
241,392
241,395
241,568
241,875
241,902
242,269
242,298
242,328
242,809
242,869
242,885
243,285
243,304
243,308
243,355
243,380
243,398
243,542
243,602
243,736
244,271
244,312
244,316
244,328
244,368
244,429
244,585
244,641
244,866
244,868
245,314
245,506
245,600
245,640
245,818
245,937
246,272
246,328
246,361
246,456
246,511
246,576
246,580
246,586
246,699
246,707
246,750
246,783
246,869
247,310
247,326
247,588
247,737
247,893
248,252
248,333
248,397
248,475
248,484
248,642
248,712
248,808
248,926
249,313
249,341
249,409
249,461
249,483
249,636
249,713
249,758
249,788
250,281
250,486
250,543
250,758
250,824
250,900
250,903
251,511
251,531
251,631
251,850
252,285
252,437
252,592
252,738
252,762
252,804
252,817
253,283
253,453
253,672
253,696
253,724
253,769
253,779
253,860
253,972
254,269
254,273
254,280
254,329
254,394
254,493
254,566
254,583
254,787
254,958
254,985
254,991
255,473
255,563
255,570
255,596
255,645
255,698
255,854
255,983
256,331
256,369
256,467
256,575
256,588
256,694
256,699
256,817
256,861
257,385
257,500
257,677
257,761
257,813
257,966
257,994
258,322
258,431
258,560
258,622
258,674
258,741
258,834
258,854
259,267
259,382
259,484
259,492
259,495
260,405
260,487
260,653
260,762
260,809
261,470
261,655
261,681
261,782
261,791
262,358
262,395
262,659
262,716
262,765
263,345
263,418
263,640
263,735
263,829
263,979
264,327
264,348
264,417
264,561
264,742
264,915
265,302
265,324
265,738
265,769
265,882
265,939
266,369
266,388
266,422
266,564
266,599
266,720
266,839
267,368
267,669
267,671
267,871
267,957
267,974
267,993
268,652
268,688
268,793
269,356
269,450
269,476
269,554
269,736
269,751
269,759
269,764
269,851
270,303
270,420
270,517
270,569
270,618
270,709
270,744
270,946
271,346
271,399
271,553
271,666
271,676
271,872
271,985
271,990
272,541
272,930
273,362
273,460
273,562
273,586
273,619
273,620
273,686
273,768
273,820
273,840
273,976
274,308
274,506
274,606
274,636
275,288
275,422
275,482
275,577
275,587
275,647
275,667
275,746
275,750
275,841
275,942
276,637
276,666
276,823
276,947
276,973
277,313
277,326
277,486
277,551
277,676
277,845
277,908
278,288
278,291
278,343
278,453
278,463
278,536
278,712
278,855
278,957
278,965
279,425
279,460
279,479
279,649
279,850
280,377
280,738
280,756
280,854
280,897
281,286
281,405
281,445
281,450
281,548
281,605
281,658
281,880
281,888
281,889
282,412
282,445
282,513
282,532
282,598
282,696
282,901
282,941
283,344
283,446
283,495
283,545
283,652
283,882
283,887
284,348
284,389
284,560
284,603
284,767
284,770
285,438
285,665
285,770
285,780
285,791
285,885
285,902
286,410
286,523
286,563
286,728
286,901
287,385
287,611
287,861
287,863
287,947
288,506
288,676
288,706
288,796
289,305
289,611
289,627
289,723
289,794
289,886
289,939
290,345
290,395
290,587
290,612
290,694
290,755
290,841
290,866
291,343
291,378
291,587
291,625
291,743
291,797
291,799
292,365
292,433
292,530
292,549
292,626
292,661
292,847
292,888
292,898
293,474
293,480
293,518
293,728
293,851
293,924
294,328
294,437
294,448
294,693
294,712
294,839
294,978
294,991
295,449
295,456
295,501
295,550
295,678
295,789
295,794
296,299
296,335
296,442
296,558
296,948
297,368
297,466
297,555
297,687
297,731
297,877
297,968
298,423
298,439
298,450
298,560
298,577
298,653
298,727
298,733
298,752
298,816
299,566
299,817
299,888
300,369
300,445
300,558
300,565
301,348
301,432
301,463
301,474
301,543
301,555
302,401
302,558
302,567
302,633
302,662
302,676
302,716
302,764
302,803
302,809
302,839
302,864
302,931
302,963
304,415
304,819
304,880
304,895
304,996
305,339
305,360
305,423
305,571
305,640
305,653
305,743
305,971
306,431
306,486
306,487
306,524
306,533
306,601
306,607
306,693
306,786
306,902
306,925
306,954
307,385
307,423
307,468
307,498
307,518
307,519
307,830
307,912
308,415
308,430
308,533
308,621
308,677
308,791
308,896
309,337
309,344
309,477
309,494
309,664
309,720
309,865
309,897
309,911
309,973
310,318
310,453
310,640
310,815
310,979
311,504
311,702
311,705
311,792
311,803
311,911
312,341
312,358
312,498
312,536
312,582
312,640
312,729
313,456
313,602
313,710
314,387
314,430
314,476
314,591
314,609
314,744
315,367
315,374
315,429
315,455
315,474
315,683
315,769
315,803
315,815
315,826
315,900
316,371
316,399
316,407
316,555
316,682
316,705
316,747
316,943
317,472
317,536
317,546
317,688
317,891
317,955
317,990
318,335
318,564
318,726
318,788
318,987
319,340
319,351
319,352
319,378
319,430
319,589
319,614
319,654
319,730
319,958
319,993
320,376
320,403
320,423
320,436
320,437
320,589
320,611
320,701
321,362
321,407
321,451
321,477
321,670
321,679
321,728
321,733
321,765
321,805
321,979
322,439
322,504
322,726
322,862
322,876
322,924
322,948
323,410
323,418
323,443
323,535
323,642
323,694
323,705
323,804
323,819
323,925
323,951
323,981
324,369
324,500
324,571
324,609
324,657
324,668
324,977
325,463
325,497
325,538
325,606
325,616
325,762
326,537
326,591
326,751
326,791
326,901
326,953
326,991
327,676
327,683
327,737
327,914
327,936
328,341
328,352
328,390
328,617
328,845
329,397
329,565
329,622
329,656
329,670
329,775
329,848
329,890
329,903
330,377
330,419
330,611
330,618
330,639
330,727
330,848
330,872
331,356
331,423
331,488
331,563
331,613
331,623
331,664
331,701
331,720
331,889
332,363
332,563
332,574
332,655
332,701
332,729
332,738
332,740
332,815
332,884
332,887
332,989
333,374
333,877
333,937
334,418
334,465
334,549
334,753
334,765
335,499
335,527
335,574
335,794
335,874
335,956
336,408
336,461
336,792
336,832
336,872
337,421
337,450
337,459
337,539
337,686
338,360
338,365
338,417
338,423
338,477
338,573
338,638
338,662
338,737
338,880
338,993
339,377
339,380
339,393
339,465
339,549
339,579
339,671
339,707
339,750
339,818
339,828
339,890
339,939
339,988
340,353
340,646
340,774
340,861
340,928
340,946
341,349
341,730
342,440
342,762
342,789
343,457
343,670
343,810
343,917
343,934
343,973
344,519
344,677
344,684
345,431
345,444
345,673
345,754
345,779
345,862
346,531
346,553
346,633
346,733
346,793
346,820
346,833
346,853
346,891
347,359
347,384
347,745
347,763
347,775
347,813
347,847
347,997
348,451
348,621
348,734
348,956
349,363
349,663
349,973
350,419
350,559
350,834
350,944
351,374
351,734
351,807
351,836
351,857
351,869
351,993
352,358
352,435
352,529
352,717
352,792
352,827
352,867
352,898
352,934
352,964
353,498
353,703
353,746
353,838
353,881
353,967
354,471
354,651
354,679
354,684
354,946
355,356
355,403
355,726
355,774
355,930
355,975
356,418
356,494
356,900
357,470
357,491
357,668
357,794
357,952
357,955
358,390
358,562
358,573
358,631
358,938
359,457
359,545
359,559
359,656
359,739
359,744
359,881
359,888
359,986
360,559
360,575
360,700
360,717
360,821
360,865
360,955
361,415
361,528
361,597
361,629
361,685
362,441
362,567
362,638
362,692
362,798
362,814
362,894
363,397
363,640
363,816
364,405
364,566
364,631
364,660
365,807
365,881
366,542
366,548
366,690
366,714
366,741
366,915
367,383
367,588
367,660
367,687
367,714
367,730
367,768
367,793
367,797
367,833
367,974
368,573
368,709
368,718
368,779
368,860
368,885
368,953
368,984
369,397
369,567
369,940
369,956
370,375
370,408
370,530
370,627
370,650
370,720
370,796
370,812
370,882
371,566
371,765
371,899
372,381
372,441
372,483
372,514
372,525
372,672
372,845
372,877
373,402
373,692
373,749
373,827
373,854
373,874
373,920
373,983
374,387
374,412
374,430
374,433
374,543
374,626
374,773
374,782
375,464
375,542
375,843
375,910
376,629
376,702
376,773
376,818
376,946
377,465
377,484
377,586
377,605
377,785
377,813
377,898
378,596
379,527
379,677
379,686
379,706
379,895
379,971
380,454
380,510
380,635
380,789
380,865
380,895
380,962
381,469
381,500
381,702
381,756
381,770
381,918
382,403
382,514
382,534
382,561
382,620
382,665
382,710
382,780
382,888
382,972
382,980
383,400
383,526
383,859
383,912
383,976
384,462
384,784
384,897
384,909
384,963
384,981
385,538
385,572
385,596
385,611
385,669
385,673
385,872
386,556
386,565
386,689
386,705
386,928
386,989
387,412
387,563
387,848
387,902
388,415
388,473
388,556
388,594
388,625
388,684
388,751
388,843
388,900
388,919
388,962
389,461
389,477
389,488
389,520
389,546
389,635
389,676
389,737
390,395
390,396
390,448
390,542
390,585
390,590
390,598
390,610
390,611
390,628
390,804
390,836
390,906
391,459
391,514
391,533
391,634
391,699
391,800
391,893
392,515
392,588
392,670
392,942
392,972
393,428
393,473
393,506
393,744
393,747
393,834
393,884
393,953
394,544
394,706
394,921
395,516
395,979
396,418
396,470
396,557
396,571
396,650
396,673
396,860
396,872
396,881
396,899
396,935
397,414
397,428
397,461
397,464
397,569
397,625
397,797
397,856
398,430
398,439
398,484
398,693
398,757
399,661
399,771
399,894
400,586
400,600
400,815
401,436
401,601
401,678
401,794
402,501
402,517
402,541
402,585
402,631
402,749
402,820
402,918
403,610
403,805
403,839
403,928
404,415
404,447
404,613
404,660
404,667
404,741
404,809
404,841
404,917
405,550
405,678
405,741
405,905
405,971
406,517
406,536
406,565
406,598
406,609
406,690
406,773
406,806
406,814
406,882
406,964
406,982
407,482
407,527
407,665
407,722
407,808
407,905
407,951
407,986
407,987
408,464
408,513
408,561
408,687
408,689
408,998
409,410
409,521
409,582
409,662
409,761
409,798
410,503
410,536
410,547
410,628
410,804
410,843
410,924
410,967
411,512
411,516
411,710
411,718
411,867
412,527
412,713
412,716
413,439
413,518
413,549
413,614
413,885
413,952
414,585
414,645
414,708
414,726
414,741
414,787
414,794
414,816
414,974
415,613
415,652
415,918
415,982
416,500
416,518
416,826
416,843
416,895
417,630
418,506
418,814
419,452
419,525
419,713
419,720
419,738
419,843
420,433
420,787
420,850
421,510
421,564
421,579
421,804
421,821
421,908
421,941
421,984
422,532
422,707
422,782
422,927
422,978
422,991
423,424
423,473
423,504
423,537
423,554
423,687
423,833
423,996
424,452
424,466
424,642
424,830
424,874
424,906
425,433
425,495
425,525
425,556
425,718
425,727
425,747
425,764
425,841
425,942
426,454
426,570
426,584
426,585
426,597
426,619
426,620
426,713
426,937
426,952
426,979
427,655
427,690
427,737
427,903
428,540
428,630
428,708
428,928
428,988
429,464
429,503
429,551
429,553
429,558
429,673
429,676
429,717
429,846
429,992
430,534
430,680
430,842
430,986
431,759
431,819
432,610
432,710
432,714
432,867
433,489
433,520
433,578
433,621
433,768
433,808
433,849
433,916
434,544
434,677
434,706
434,855
435,797
436,516
436,702
436,981
437,681
437,695
437,722
437,776
437,846
438,545
438,598
438,647
438,981
439,542
439,587
439,602
439,648
439,671
439,826
439,991
440,616
440,619
440,648
440,784
440,795
440,804
440,815
440,825
441,664
441,965
442,673
442,752
442,876
443,841
443,957
443,983
444,610
444,629
444,648
444,792
444,836
444,865
445,536
445,678
445,699
445,793
446,476
446,497
446,599
446,603
446,620
446,725
447,715
447,810
447,864
447,910
448,449
448,505
448,572
448,738
448,739
448,744
448,750
448,800
448,921
448,978
449,506
449,750
449,977
450,865
450,916
451,559
451,584
451,687
451,807
452,476
452,532
452,564
452,638
452,646
452,671
452,691
452,778
452,938
453,614
453,641
453,710
453,792
453,849
453,880
453,912
453,930
454,518
454,661
454,706
454,820
454,860
454,992
455,561
455,799
455,973
456,473
456,498
456,522
456,561
456,608
456,716
456,904
456,994
457,510
457,540
457,612
457,754
457,771
457,801
458,463
458,586
458,811
459,480
459,487
459,549
459,570
459,593
459,612
459,802
460,482
460,486
460,606
460,649
460,695
460,867
461,468
461,634
461,705
461,782
461,802
461,905
461,988
462,467
462,529
462,849
462,909
463,713
463,733
463,875
464,487
464,517
464,610
464,626
464,650
464,719
465,656
465,765
465,803
465,843
465,902
465,973
466,517
466,523
466,632
466,803
466,955
466,989
467,531
467,564
467,577
467,646
467,687
467,932
467,985
468,579
468,632
468,637
468,844
468,908
468,928
468,989
468,999
469,509
469,636
469,658
469,663
469,697
469,719
469,939
469,995
470,578
470,724
470,734
470,747
470,856
470,943
471,530
471,851
471,913
471,918
471,940
472,660
472,744
472,787
472,887
472,964
472,969
473,688
473,802
474,689
474,713
474,790
474,936
475,683
475,701
475,768
475,772
475,843
476,670
476,898
476,922
477,509
477,555
477,696
478,510
478,822
478,884
478,910
478,941
478,998
479,541
479,749
479,986
480,490
480,619
480,739
480,803
480,872
480,939
481,608
481,688
482,621
482,775
482,893
482,924
482,977
483,552
483,712
483,734
483,828
483,956
484,550
484,623
484,722
484,733
484,803
484,812
484,899
485,503
485,611
485,718
485,816
485,823
485,891
485,945
486,543
486,586
486,675
486,704
486,763
487,488
487,585
487,619
487,661
487,803
487,884
487,923
488,598
488,773
488,784
488,988
489,678
489,871
490,538
490,596
490,691
490,712
490,848
490,936
490,938
491,557
491,596
491,898
492,497
492,572
492,656
492,955
493,552
493,672
493,675
493,811
493,821
493,868
493,888
493,966
494,570
494,637
494,675
494,811
494,821
494,854
494,873
494,914
494,926
494,942
494,946
495,551
495,576
495,624
495,793
495,801
495,945
495,961
496,533
496,723
496,758
496,800
496,872
496,887
497,585
497,621
497,685
497,835
498,539
498,650
498,664
498,735
498,974
499,793
499,893
500,559
500,597
500,916
500,989
501,540
501,545
501,673
501,704
501,713
501,804
501,853
501,886
501,923
502,728
502,757
502,808
502,990
503,701
503,769
503,878
503,950
503,969
503,992
504,509
504,628
504,993
505,521
505,643
505,685
505,903
505,910
505,995
506,871
507,569
507,640
507,710
507,784
507,890
508,532
508,763
508,898
508,932
508,959
509,671
509,708
509,763
509,764
509,784
509,934
510,527
510,640
510,875
510,955
511,530
511,611
511,671
511,689
511,879
512,552
512,707
512,739
512,995
513,522
513,785
513,793
513,935
514,579
514,584
514,689
514,702
514,714
514,832
514,866
514,932
514,941
514,950
515,555
515,770
516,589
516,661
516,700
516,871
516,902
516,979
517,616
517,668
517,869
518,653
518,945
519,557
519,591
519,608
519,623
519,646
519,789
519,805
519,806
519,934
520,575
520,613
520,799
520,822
520,983
521,616
521,621
521,722
521,848
522,528
522,543
522,689
523,562
523,566
523,626
523,675
523,678
523,803
523,943
524,568
524,773
525,607
525,822
525,903
525,927
526,658
526,844
526,921
527,647
527,679
527,810
527,914
528,692
528,777
528,783
528,823
528,866
529,535
529,645
529,782
529,922
529,925
529,933
529,970
529,981
530,712
531,667
531,696
531,764
531,816
531,916
531,983
532,678
532,745
533,585
533,601
533,671
533,693
533,784
533,991
534,988
535,536
535,591
535,674
535,704
535,768
535,794
535,800
535,834
535,838
535,996
536,556
536,610
536,644
536,699
536,724
536,753
536,871
536,931
536,998
537,656
537,778
537,785
538,588
538,638
538,672
538,816
538,818
538,881
538,976
539,634
539,858
540,623
540,893
540,941
541,644
541,669
542,739
542,944
543,566
543,572
543,753
543,764
543,853
543,873
543,944
544,611
544,802
544,828
545,720
545,784
545,934
545,971
546,550
546,629
546,664
546,737
546,746
546,835
546,861
547,641
547,653
547,789
547,814
547,992
548,568
548,703
548,741
548,875
548,901
548,973
549,550
549,586
549,608
549,810
549,885
549,906
550,560
550,710
550,821
550,848
550,897
551,574
551,703
551,838
551,941
552,578
552,617
552,767
552,805
552,855
552,951
553,667
553,741
553,891
553,918
553,962
554,700
554,877
555,842
555,890
555,910
556,793
556,821
556,826
556,834
556,853
556,897
556,915
556,920
557,592
557,736
557,923
558,606
558,913
559,602
559,699
559,712
559,819
559,922
560,591
560,881
560,924
561,599
561,853
562,570
562,860
562,934
562,954
562,959
562,969
563,586
563,628
563,658
563,670
563,763
563,786
563,863
563,876
563,903
563,948
563,951
564,600
564,655
564,787
564,979
565,781
565,802
565,989
566,647
566,822
566,881
566,895
566,957
567,594
567,602
567,739
567,783
567,836
567,953
567,956
568,572
568,776
568,971
569,584
569,677
569,766
569,865
570,658
570,823
570,839
570,954
570,971
571,594
571,694
571,761
571,767
571,782
571,897
571,913
571,961
572,687
572,827
572,849
572,853
572,922
573,637
573,785
573,905
573,956
574,630
574,662
574,843
574,865
574,903
574,948
575,710
575,885
575,955
575,986
576,629
576,725
576,798
576,971
577,606
577,673
577,778
577,898
577,946
577,970
577,992
578,597
578,741
578,742
578,903
578,939
579,580
579,673
579,801
579,892
579,971
580,627
580,818
580,899
580,908
580,965
581,610
581,617
581,690
581,879
581,970
581,988
582,630
582,694
582,859
582,900
582,943
583,624
583,853
583,911
583,914
584,590
584,620
584,657
584,965
585,667
585,747
585,760
585,798
585,819
585,835
585,948
586,806
586,912
586,970
587,667
587,690
587,692
587,855
587,946
588,841
588,918
589,590
589,601
589,702
589,704
589,713
589,749
589,783
589,800
589,946
590,642
590,653
590,761
590,768
590,789
590,839
591,592
591,666
591,683
591,701
591,738
591,776
592,595
592,767
593,598
593,621
593,675
593,753
594,597
594,743
595,679
595,752
596,600
596,602
596,740
596,813
596,936
597,725
597,919
598,785
598,866
598,968
599,667
599,696
599,797
599,858
600,882
600,979
601,638
601,669
601,741
601,760
601,857
602,675
602,695
602,705
603,640
603,674
603,681
603,741
603,750
603,823
604,718
604,918
604,933
604,988
605,611
605,900
605,935
606,644
606,964
607,694
608,623
608,628
608,631
608,653
608,671
608,892
608,997
609,657
609,716
609,770
609,854
610,718
610,772
610,809
610,912
610,922
611,654
611,903
611,986
612,695
612,791
612,803
613,802
613,851
614,615
614,620
614,629
614,634
614,640
614,824
614,948
615,820
616,716
616,734
616,950
617,619
617,713
617,734
617,756
617,858
617,894
617,919
618,720
618,908
618,986
619,787
619,820
619,923
619,931
619,956
620,717
620,735
620,932
620,986
621,911
621,986
622,694
622,738
623,645
623,697
623,868
623,937
624,665
624,727
624,891
624,904
624,937
624,983
625,696
625,870
626,631
626,826
626,905
626,942
626,961
626,990
627,646
627,662
627,826
627,834
627,893
627,913
627,941
627,953
627,981
628,634
628,691
628,700
628,755
628,805
628,940
628,977
629,784
629,940
629,968
630,703
630,758
630,818
630,827
630,863
630,888
631,675
631,843
631,887
631,934
632,653
632,654
632,713
632,736
632,970
633,652
633,717
633,770
633,856
633,906
634,643
634,648
634,738
635,693
635,794
635,966
635,971
635,997
636,838
637,717
637,757
637,774
637,783
638,709
638,844
638,845
639,648
639,737
639,828
640,702
640,777
640,815
640,954
640,970
641,735
641,751
641,802
641,907
642,661
642,910
643,672
643,729
643,849
644,686
644,702
644,745
644,859
644,907
645,862
645,960
645,985
646,662
646,979
647,746
647,796
648,711
648,721
648,778
648,807
648,849
648,948
648,995
649,781
649,873
649,887
649,983
650,658
650,680
650,833
650,945
651,766
651,906
651,987
652,710
652,825
652,955
653,842
653,936
654,655
654,686
654,810
654,812
654,820
654,861
654,876
654,938
654,983
654,985
654,989
655,704
656,692
656,737
656,757
656,784
656,787
656,971
657,740
657,926
657,979
657,980
658,687
658,697
658,810
658,822
658,905
658,936
660,687
660,693
660,797
660,803
660,807
660,834
660,941
661,686
661,746
661,849
661,871
662,679
662,836
662,853
663,699
663,726
663,746
664,665
664,708
664,760
664,770
664,904
664,907
665,718
665,729
665,731
665,777
665,854
665,903
665,998
666,728
666,880
666,898
667,840
667,913
667,919
668,869
668,957
669,689
669,793
669,849
669,856
669,863
669,878
669,880
670,873
670,891
671,715
671,758
671,777
671,801
671,955
672,870
672,872
673,680
673,759
673,860
673,951
674,763
674,777
674,849
674,867
674,887
674,990
675,785
675,883
675,893
675,934
676,708
676,887
677,744
677,745
677,823
677,843
677,895
678,872
679,811
679,927
679,978
680,709
680,845
680,925
680,942
681,963
682,884
682,956
683,727
684,825
685,884
685,894
685,926
686,828
686,883
687,760
688,720
688,766
688,783
688,838
688,857
688,943
688,944
689,722
690,714
690,879
690,984
691,757
691,882
692,741
692,758
692,863
693,766
693,819
693,820
693,908
693,929
694,793
694,889
694,969
694,983
695,817
695,834
695,863
695,986
696,738
696,811
696,921
697,738
697,841
697,858
697,888
697,946
697,984
698,785
698,811
698,829
698,906
698,915
699,764
699,987
700,713
700,847
700,870
700,883
700,943
701,710
701,712
701,826
701,885
701,934
701,966
702,711
702,741
702,764
702,805
702,881
702,885
703,776
703,868
703,909
704,798
704,823
704,893
704,944
705,741
705,751
706,719
706,721
706,780
706,842
706,856
706,941
707,802
707,850
707,925
707,963
708,888
709,780
709,789
709,851
710,823
710,849
710,859
710,898
710,938
711,715
711,958
711,970
712,743
713,735
713,770
713,968
713,980
714,966
714,971
715,901
716,743
716,972
717,767
717,805
717,851
717,852
717,868
717,917
717,931
717,949
718,863
718,886
718,959
718,971
719,780
719,848
719,880
719,899
720,754
720,828
720,893
720,909
721,823
721,846
721,896
721,939
721,964
722,777
722,878
722,920
723,807
724,802
724,878
724,991
725,841
725,960
725,965
726,728
726,761
726,957
726,959
726,990
727,829
728,802
728,928
728,975
729,840
729,917
729,931
729,998
730,743
730,776
730,885
730,920
731,786
731,935
732,754
732,883
734,736
734,760
735,750
735,765
735,882
735,897
736,778
736,899
736,913
736,962
737,921
738,773
738,886
739,896
740,756
742,896
742,920
742,987
743,845
743,925
744,932
744,962
744,996
745,775
746,907
747,773
747,947
747,963
747,976
748,802
748,825
748,827
748,834
748,845
749,753
749,971
750,814
750,867
750,894
750,899
752,765
752,789
752,830
752,844
752,933
753,815
753,868
754,759
754,957
755,825
755,830
755,869
756,904
756,917
756,969
756,982
757,773
757,862
759,766
759,929
759,999
760,791
760,950
760,972
761,882
761,963
761,997
762,796
762,892
763,774
763,956
763,997
764,772
764,900
765,915
765,997
766,770
766,840
766,844
766,850
766,907
766,959
767,820
768,804
768,863
768,914
768,985
769,871
769,958
770,840
770,889
770,990
771,895
771,948
772,884
772,989
773,782
773,972
774,781
774,987
774,994
775,972
776,868
776,911
776,987
777,908
778,815
778,833
779,792
779,823
779,857
779,859
781,798
781,841
781,934
781,970
781,980
782,937
782,970
782,992
783,948
784,796
784,897
784,970
785,840
785,997
786,863
786,989
787,808
787,984
788,798
788,841
788,881
788,890
788,926
788,987
789,871
789,921
789,998
790,888
790,912
790,913
791,794
791,808
791,974
791,977
791,979
791,993
792,832
792,839
792,865
792,889
792,992
793,861
794,818
794,831
794,876
794,966
794,984
794,995
795,964
797,830
797,850
797,976
798,848
799,882
799,889
799,894
799,980
799,990
800,992
801,842
801,885
801,953
802,919
802,930
802,948
804,818
804,836
806,810
806,894
807,808
807,884
807,908
807,999
809,991
810,929
810,939
810,977
810,998
812,832
812,837
812,977
813,901
814,840
814,868
814,887
814,956
815,817
815,937
815,955
816,866
816,869
818,866
818,892
819,830
819,882
819,931
819,987
821,829
821,864
822,841
823,882
823,920
823,953
823,980
824,877
824,913
824,965
825,947
825,987
825,990
826,851
826,936
827,882
827,950
828,890
828,943
828,988
829,902
829,930
830,920
830,935
831,916
831,940
834,911
835,843
835,938
835,986
836,882
836,888
837,967
838,974
838,981
841,915
841,960
841,965
844,935
845,920
846,859
846,879
846,898
848,912
849,867
849,939
850,920
850,928
851,974
852,889
852,911
852,925
854,869
855,877
855,919
855,925
855,960
855,976
856,881
856,926
858,901
859,900
859,957
863,989
865,918
865,990
866,990
868,939
868,971
869,914
869,928
870,951
870,959
872,952
873,913
874,924
875,884
877,901
878,951
878,975
878,997
880,931
881,891
881,936
881,995
882,963
883,961
884,994
886,923
887,958
888,937
890,933
890,939
890,942
893,985
895,945
895,955
897,994
899,901
899,961
900,910
902,919
903,957
904,958
904,967
905,965
906,953
909,938
910,951
911,960
915,960
916,945
918,960
919,964
922,982
927,929
928,963
928,970
928,987
929,996
930,999
931,952
931,962
932,943
932,969
936,988
941,956
943,952
944,996
944,997
947,952
953,983
953,992
961,974
963,970
